Tempo;Altura;Velocidade
0,093575299950317;2700;0
0,098226699978113;0;0
0,1155997000169;0;0
0,13273009995464;0;0
0,14939089992549;0;0
0,16618079994805;0;0
0,18218360003084;0;0
0,19918849994428;0;0
0,21619920001831;0;0
0,23268509993795;0;0
0,24952750001103;0;0
0,26632990001235;0;0
0,28317760000937;0;0
0,29935149999801;0;0
0,31634669995401;0;0
0,33308020001277;0;0
0,34957179997582;0;0
0,36629069992341;0;0
0,38338150002528;0;0
0,4004271000158;0;0
0,41653769998811;0;0
0,43401999992784;0;0
0,45038669998758;0;0
0,46734839992132;0;0
0,48402169998735;0;0
0,50038159999531;0;0
0,51634480000939;0;0
0,53302309999708;0;0
0,55117779993452;0;0
0,56699429999571;0;0
0,58367999992333;0;0
0,59972549998201;0;0
0,61735890002456;0;0
0,63396479992662;0;0
0,65020419994835;0;0
0,66731599997729;0;0
0,68349800002761;0;0
0,70039709995035;0;0
0,71732419996988;0;0
0,73416200000793;0;0
0,750593499979;0;0
0,76725529995747;0;0
0,78391849994659;0;0
0,80036579992156;0;0
0,8175030000275;0;0
0,83387339999899;0;0
0,84997749992181;0;0
0,86586200003512;0;0
0,88278979994357;0;0
0,89885579992551;0;0
0,91548169997986;0;0
0,93187490000855;0;0
0,94934569997713;0;0
0,96618769993074;0;0
0,98244459996931;0;0
0,99923950002994;0;0
1,0162481999723;0;0
1,0323104999261;0;0
1,0498229999794;0;0
1,0662590999855;0;0
1,0824304999551;0;0
1,0989840999246;0;0
1,1160961999558;0;0
1,1340653999941;0;0
1,1499940999784;0;0
1,1671365000075;0;0
1,1828546000179;0;0
1,1999934000196;0;0
1,216717000003;0;0
1,2344400000293;0;0
1,2500581999775;0;0
1,2669100000057;0;0
1,2832627999596;0;0
1,2989965999732;0;0
1,317002399941;0;0
1,3327343999408;0;0
1,3487265999429;0;0
1,3659179999959;0;0
1,3823182999622;0;0
1,3999723999295;0;0
1,415984799969;0;0
1,432967599947;0;0
1,4500592999393;0;0
1,4665283999639;0;0
1,4828337000217;0;0
1,499375000014;0;0
1,515266399947;0;0
1,5319411000237;0;0
1,5491391000105;0;0
1,5652915999526;0;0
1,5819430999691;0;0
1,5990868000081;0;0
1,6149653999601;0;0
1,631934999954;0;0
1,6489395999815;0;0
1,6649572999449;0;0
1,6819413999328;0;0
1,6991699000355;0;0
1,7149595000083;0;0
1,7319413999794;0;0
1,7489486000268;0;0
1,764978799969;0;0
1,78194539994;0;0
1,7989457999356;0;0
1,8149626000086;0;0
1,8319489000132;0;0
1,8489506000187;0;0
1,8649643999524;0;0
1,8819532999769;0;0
1,8989576000022;0;0
1,9149823000189;0;0
1,9320793999359;0;0
1,9491947999923;0;0
1,96525499993;0;0
1,982200599974;0;0
1,999180899933;0;0
2,0151986000128;0;0
2,032195799984;0;0
2,0482673000079;0;0
2,0652123999316;0;0
2,082204699982;0;0
2,0991982999258;0;0
2,1153226000024;0;0
2,1322338000173;0;0
2,1492537999293;0;0
2,1652834999841;0;0
2,1821839000331;0;0
2,1992052999558;0;0
2,2152024999959;0;0
2,2321819999488;0;0
2,2492224000162;0;0
2,2652630000375;0;0
2,2822206999408;0;0
2,2991919999477;0;0
2,3152205999941;0;0
2,3321936000139;0;0
2,3479995999951;0;0
2,3650128999725;0;0
2,381993399933;0;0
2,3989962999476;0;0
2,4149972000159;0;0
2,4319959999993;0;0
2,4480014999863;0;0
2,4652315999847;0;0
2,4820006999653;0;0
2,4980059999507;0;0
2,5150050999364;0;0
2,5320053999312;0;0
2,5480128999334;0;0
2,5650071999989;0;0
2,582007399993;0;0
2,5980250999564;0;0
2,6150076999329;0;0
2,6320071999216;0;0
2,6480343999574;0;0
2,6650109000038;0;0
2,6820122000063;0;0
2,6980182999978;0;0
2,7150152999675;0;0
2,7320146999555;0;0
2,7480424999958;0;0
2,7651603999548;0;0
2,7818227999378;0;0
2,7995016999776;0;0
2,8151586999884;0;0
2,8328288999619;0;0
2,849494199967;0;0
2,8661574999569;0;0
2,8828170000343;0;0
2,8994776000036;0;0
2,9161766000325;0;0
2,9322556999978;0;0
2,9498397000134;0;0
2,9658832999412;0;0
2,9829348999774;0;0
2,9994385000318;0;0
3,015964500024;0;0
3,0319957999745;0;0
3,0494290000061;0;0
3,0660852999426;0;0
3,0827468000352;0;0
3,0994081000099;0;0
3,1155203999951;0;0
3,1317427000031;0;0
3,1493924999377;0;0
3,1660503000021;0;0
3,1827092999592;0;0
3,1993742999621;0;0
3,2160025000339;0;0
3,2319726999849;0;0
3,2493276000023;0;0
3,2660124999238;0;0
3,2821342999814;0;0
3,2989026999567;0;0
3,3159414000111;0;0
3,3320198999718;0;0
3,3490543999942;0;0
3,3650359000312;0;0
3,3816516000079;0;0
3,3986100000329;0;0
3,4150020999368;0;0
3,4319632999832;0;0
3,4488298000069;0;0
3,4663590999553;0;0
3,4824233999243;0;0
3,5002981999423;0;0
3,5154346999479;0;0
3,5321947999764;0;0
3,5488590999739;0;0
3,5649277999764;0;0
3,5825793999247;0;0
3,5990459999302;0;0
3,616308299941;0;0
3,6325619999552;0;0
3,6496251999633;0;0
3,6659137000097;0;0
3,6825455999933;0;0
3,6992056999588;0;0
3,7158637000248;0;0
3,7319566999795;0;0
3,7488846000051;0;0
3,7656844999874;0;0
3,7817702000029;0;0
3,7988018000033;0;0
3,8158514000243;0;0
3,8311813999899;0;0
3,8488179999404;0;0
3,8647994999774;0;0
3,8818818000145;0;0
3,8981314999983;0;0
3,9147860999219;0;0
3,9314497000305;0;0
3,948115499923;0;0
3,9657811999787;0;0
3,9819532999536;0;0
3,9990890999325;0;0
4,015237399959;0;0
4,0324242999777;0;0
4,0490919000003;0;0
4,0657543999841;0;0
4,0824116999283;0;0
4,0990617999341;0;0
4,1157299999613;0;0
4,1323917999398;0;0
4,1490810000105;0;0
4,1657173000276;0;0
4,1818443000084;0;0
4,1994586000219;0;0
4,2158597999951;0;0
4,2319159000181;0;0
4,248847699957;0;0
4,2656813999638;0;0
4,2823359000031;0;0
4,2988949000137;0;0
4,3150179999648;0;0
4,3323270999826;0;0
4,3489800000098;0;0
4,3656439000042;0;0
4,3823105000192;0;0
4,3989771000342;0;0
4,414974299958;0;0
4,4309876000043;0;0
4,449151000008;0;0
4,4656155999983;0;0
4,4822779999813;0;0
4,4988517999882;0;0
4,5155787999975;0;0
4,5312438999536;0;0
4,5490556999575;0;0
4,5656061000191;0;0
4,5822478999617;0;0
4,5989040000131;0;0
4,6155613999581;0;0
4,6319597000256;0;0
4,6488438999513;0;0
4,6659687999636;0;0
4,6819668000098;0;0
4,6989685000153;0;0
4,7145376999397;0;0
4,7316595999291;0;0
4,7486904999241;0;0
4,7655132999644;0;0
4,781995599973;0;0
4,7988401999464;0;0
4,8145042000106;0;0
4,832155299955;0;0
4,848902800004;0;0
4,8654800000368;0;0
4,8821407000069;0;0
4,8988453999627;0;0
4,9148740000091;0;0
4,9321252999362;0;0
4,9479045999469;0;0
4,9654467999935;0,012449315441472;0,78896500053816
4,9820980000077;0,041675936434387;1,6660750028677
4,9988814999815;0,083281207641335;2,4986350035761
5,0144353000214;0,13930134172705;3,3378100022674
5,0315881000133;0,20331300585769;4,1155000042636
5,0488720999565;0,28861628167556;4,9731400038581
5,0649626000086;0,38950886592141;5,8373400010169
5,0819654000225;0,49637979510811;6,6418650036212
5,0978933000006;0,6237648578994;7,4920050043147
5,1144166999729;0,75578166412936;8,2884000032209
5,1320565999486;0,90638534984578;9,1145700018387
5,1488499999978;1,0827237565565;9,9965650006197
5,1649340000004;1,2647009859905;10,83623500308
5,1810293999733;1,4519257426123;11,64043500321
5,1978712999262;1,652236294863;12,445205001859
5,2143466999987;1,8760196720981;13,287299999502
5,2310081999749;2,108505195851;14,111070003128
5,2478855999652;2,3574970674448;14,944145001937
5,2653484999901;2,6239577116777;15,788015001453
5,2814816000173;2,9149098831027;16,661160002695
5,2985299000284;3,19671988982;17,467815004056
5,3153255999787;3,5090486672107;18,32023000461
5,3319877999602;3,8308545302298;19,160015002126
5,34883849998;4,1639839772552;19,993125001201
5,3648250999395;4,5150794336679;20,835660002194
5,3809732999653;4,8609493639269;21,634990000166
5,3978410999989;5,223353728209;22,442400001455
5,4148976999568;5,6161337776075;23,285790003138
5,4319945999887;6,0278565625001;24,138620001031
5,4479100999888;6,4551673351008;24,993465002626
5,4648706000298;6,8656159843658;25,789240002632
5,4808765000198;7,3173973185705;26,637265004683
5,4979273999343;7,7565601599665;27,437560004182
5,5142617999809;8,2389319088896;28,290104999905
5,5319191999733;8,714374432563;29,106825002236
5,5478392000077;9,2439144728626;29,989695001859
5,5652416999219;9,7340227383781;30,785695003578
5,5819023000076;10,284913143199;31,655819999287
5,5988391999854;10,826196880354;32,488850003574
5,6152198000345;11,390800212299;33,335695002461
5,6313871999737;11,950275102394;34,154725004919
5,6488397000358;12,515537442399;34,963095001876
5,6649007999804;13,14096034801;35,83572000498
5,6809663999593;13,72941937517;36,638775002211
5,6980002999771;14,330948453207;37,442055001156
5,7150001999689;14,98324036205;38,293750002049
5,7318496999796;15,648680112382;39,143745001638
5,7478671999415;16,322427926737;39,986220002174
5,7652019999223;16,97573521935;40,787095000269
5,7818351000315;17,697796117494;41,653834999306
5,7979001000058;18,40446152593;42,485490004765
5,815147300018;19,099895132975;43,288740003482
5,8318164999364;19,861377985505;44,151100004092
5,8488452000311;20,611234609386;44,984560000012
5,8638510999735;21,391762021863;45,835995004745
5,8808066999773;22,090831228322;46,586290001869
5,8978915000334;22,895104345825;47,434070002055
5,9141355999745;23,720100467309;48,288310004864
5,9309585000155;24,51769414016;49,100515001919
5,9480440999614;25,357857694288;49,941660003969
5,9650995000266;26,225736804024;50,795940001262
5,9811286999611;27,106626216;51,64871000452
5,9978486000327;27,947360477552;52,450170001248
6,0148740999866;28,838299831632;53,286165004829
6,0309864999726;29,760016813899;54,137440002523
6,0478563000215;30,645281373104;54,943060001824
6,0649550999515;31,586389317093;55,786550004268
6,0810280999867;32,55489082235;56,641490000766
6,0980516999261;33,478206559636;57,445140002528
6,1140720000258;34,470619789248;58,296319999499
6,131725299987;35,417376831108;59,097335004481
6,1478920999216;36,476221762828;59,980000002543
6,1650317999301;37,458974693951;60,788339999272
6,1810020999983;38,515557071376;61,645324999699
6,198059599963;39,512803933633;62,443840003107
6,2151181999361;40,592487647535;63,296715001343
6,2311970000155;41,686790780007;64,149644999998
6,2478500999277;42,731166487726;64,953585003968
6,2650045999326;43,826711315289;65,786239999579
6,2816675000358;44,9699552132;66,643964999821
6,2977108999621;46,09431955647;67,477110004984
6,3140019000275;47,189751352209;68,279280001298
6,3316552999895;48,315358941331;69,093830004567
6,3477980999742;49,550682083819;69,976500002667
6,3649750000332;50,693328226557;70,7836400019
6,38164399995;51,230595804906;71,64248500485
6,3978905000258;52,438697159408;72,475935000693
6,4149469999829;53,629374881125;73,288260004483
6,4310894999653;54,893962294287;74,141085002339
6,4482168999966;56,103813772915;74,948210001457
6,465305199963;57,402149138833;75,804580003023
6,4809064000146;58,71212104054;76,658995001344
6,496921599959;59,920263229463;77,439055003924
6,513918499928;61,173289510318;78,239815001143
6,5305605999893;62,517568549909;79,08965999959
6,5478679999942;63,847634560158;79,921765002655
6,5638885999797;65,245849820906;80,787135002902
6,5805693999864;66,552941175956;81,588165002177
6,5978596999776;67,927809493717;82,422205002513
6,6148896999657;69,367861867831;83,28672000207
6,631549499929;70,800735753459;84,138220001478
6,6486345999874;72,216339114687;84,97120999964
6,6648582000053;73,682675771821;85,825465002563
6,6810002999846;75,088234047244;86,636645003455
6,6979672999587;76,499759802351;87,443750002421
6,7150756999617;77,997811860784;88,292100001127
6,7315205000341;79,522983292246;89,147520001279
6,7478537999559;81,002518008083;89,969760004897
6,7648890999844;82,485359916455;90,786425000988
6,7814985000296;84,046443977216;91,638190002413
6,7978460999439;85,58229294287;92,46866000467
6,8148219999857;87,107295802385;93,286040000385
6,8304916999768;88,705319351846;94,134835002478
6,8478898999747;90,192660949939;94,918320002034
6,8651048999745;91,859203732952;95,788230001926
6,8809953000164;93,52301592367;96,648980001919
6,8980475999415;95,07143212021;97,44350000401
6,9149513000157;96,747606954669;98,296115000267
6,931450999924;98,4234617549;99,141300003976
6,9478419999359;100,07287545834;99,966284999391
6,9647881999845;101,72485608103;100,78583499999
6,9810258999933;103,4471516878;101,63314500242
6,9978922000155;105,11062335238;102,44503000285
7,0147517999867;106,85271556801;103,28834500397
7,0314134999644;108,60832805203;104,13132500253
7,0484987000236;110,35721355981;104,96441000141
7,0648372999858;112,16514670684;105,81867000437
7,0800118999323;113,907423117;106,63560000248
7,0969498000341;115,53708911127;107,39432999981
7,11369249993;117,3704681673;108,24122500489
7,130360399955;119,19673441392;109,07835999969
7,146831799997;121,02873255784;109,91175500094
7,1646876999876;122,85269839475;110,73532500304
7,1803492000327;124,84591894165;111,62812000257
7,1978693000274;126,60644687728;112,41119500482
7,2137217000127;128,59124994949;113,28720000456
7,2313464999897;130,39968888644;114,07982000383
7,247489899979;132,42585457414;114,96106000268
7,2645571000176;134,29474741711;115,76823000214
7,2813370999647;136,28515142252;116,62159000407
7,2978574000299;138,25614011654;117,46059000143
7,3146524999756;140,21027032491;118,28660500469
7,3313118999358;142,21100944732;119,12636000197
7,3478504000232;144,20945990474;119,95932999998
7,3639820999233;146,20708339368;120,78625500435
7,3809985999251;148,16858259856;121,59283999936
7,396879500011;150,25214522424;122,44366499945
7,4139343999559;152,20927098362;123,23771000374
7,4300215999829;154,32562127778;124,09045500099
7,4478354000021;156,33482914906;124,89481500234
7,4649646999314;158,5755469805;125,7855050033
7,4812737000175;160,74483526827;126,64196999976
7,4972820000257;162,82353834208;127,45742000407
7,5134751999285;164,87672824324;128,25783500448
7,5294727999717;166,96674399072;129,06749499962
7,5469465999631;169,04431031466;129,86737500178
7,5633712999988;171,32885353516;130,74106500135
7,5802106999326;173,48972484872;131,56230000313
7,596934500034;175,71933330419;132,40426999982
7,613546299981;177,94762012272;133,24046000489
7,6301947999746;180,17478158404;134,07105000224
7,6473953999812;182,42072208675;134,90347500192
7,6639522999758;184,75593583179;135,76350500225
7,6809708999936;187,0174651539;136,59135000198
7,6978882999392;189,3565403428;137,44228000287
7,7145214999327;191,6960162841;138,28815000015
7,7301926999353;194,01002390689;139,11980999983
7,7478395999642;196,20247759918;139,90336999996
7,764499599929;198,68690903731;140,7857150014
7,7810242000269;201,04627682422;141,61871499964
7,7980967999902;203,40012257639;142,44494500454
7,8141369000077;205,84660182272;143,2985750027
7,8311874000356;208,15798953856;144,10058000358
7,8478046000237;210,62951245948;144,95310500497
7,8639676999301;213,05203376102;145,78396500438
7,8809823000338;215,42141684207;146,5921199997
7,897795900004;217,93009797305;147,44285000488
7,9144498999231;220,4232779287;148,28353000339
7,9311476999428;222,90665961104;149,11622999934
7,9477363999467;225,41051342554;149,95112000033
7,9638929000357;227,91176681887;150
7,9810977999587;230,29608695795;147,57652498665
7,997758799931;232,79072501412;144,99578999821
8,0144109999528;235,16486152926;142,49664000235
8,0310751999496;237,49614971618;139,99880999909
8,0477413999615;239,78746355108;137,49917999958
8,0643981000176;242,03738805301;134,99924999778
8,081059499993;244,2444132195;132,50074498937
8,098164999974;246,41042079144;130,00153499306
8,1139614999993;248,59027232635;127,43570999592
8,1310455999337;250,56588111057;125,06623499212
8,1477082000347;252,65874519701;122,50362000195
8,1643680999987;254,6583276917;120,00422998681
8,1800619999412;256,61595331852;117,50524499221
8,1967729999451;258,42312410184;115,15116000082
8,2143500000238;260,30552650889;112,64451000025
8,2310013999231;262,23913643027;110,00795998843
8,2482007000363;264,02933259635;107,51025000354
8,2639475000324;265,83406126274;104,93035498657
8,2810567999259;267,44918431972;102,56833498715
8,2969694000203;269,16014750116;100,00194000313
8,3139092000201;270,71345675484;97,615049988963
8,3309214999899;272,32399265502;95,07407998899
8,3466974999756;273,8980086706;92,522234993521
8,3639101999579;275,3203071222;90,155834995676
8,3809621999972;276,82769090554;87,573929998325
8,3976251999848;278,2773859575;85,016129992437
8,4132695000153;279,65236139523;82,516679994296
8,4299444999779;280,90656547606;80,170034989715
8,4476077000145;282,20169246295;77,66878499533
8,4642648999579;283,5267734536;75,019304989837
8,4810137000168;284,73476566994;72,520724998321
8,4970818000147;285,90732244755;70,008404989494
8,5138330999762;286,99349692398;67,598189989803
8,5309834999498;288,08376357379;65,085494995583
8,5469582999358;289,15588541256;62,51293499954
8,563204200007;290,11623791053;60,116715001641
8,5798742999323;291,05329866469;57,679829990957
8,5965993999271;291,97314335958;55,179315002169
8,6142134999391;292,85406357516;52,670550002949
8,6300013000146;293,73526943271;50,02843500115
8,6470897999825;294,48772016792;47,660264989827
8,6638388999272;295,25836007999;45,096989994636
8,6809554999927;295,97161422028;42,584625002928
8,6969711999409;296,65657151572;40,017134993104
8,7139475999866;297,25899854583;37,614780000877
8,7308889999986;297,85433237498;35,068319994025
8,7469966999488;298,40538715659;32,527109992225
8,7641673999606;298,89040538494;30,110954999691
8,7799952999922;299,36320661948;27,535349997925
8,7966093999567;299,76145502367;25,161164993187
8,8142157000257;300,13808088644;22,669049998512
8,8308088999474;300,13808088644;20,02810498816
8,8474705999251;300,13808088644;17,539124999894
8,8639539999422;300,13808088644;15,039870003238
8,8809944000095;300,13808088644;12,567360000685
8,896479499992;300,13808088644;10,011299990583
8,9138564999448;300,13808088644;7,6885349932127
8,9299756999826;300,13808088644;5,0819850002881
8,9475471000187;300,13808088644;2,6641049946193
8,9640978999669;300,13808088644;0,028394989203662
8,9807582999347;300,13808088644;0
8,9967682999559;300,13808088644;0
9,0140780999791;300,13808088644;0
9,0309926000191;300,13808088644;0
9,0474053999642;300,13808088644;0
9,0640102999751;300,13808088644;0
9,0800965999952;300,13808088644;0
9,0965092999395;300,13808088644;0
9,1130750000011;300,13808088644;0
9,129731999943;300,13808088644;0
9,1473684000084;300,13808088644;0
9,1640276999678;300,13808088644;0
9,1799937000033;300,13808088644;0
9,1973583999788;300,13808088644;0
9,2140188999474;300,13808088644;0
9,2299912000308;300,13808088644;0
9,2471056999639;300,13808088644;0
9,2639513999457;300,13808088644;0
9,2799947999883;300,13808088644;0
9,2971584999468;300,13808088644;0
9,3137068999931;300,13808088644;0
9,3299950000364;300,13808088644;0
9,3463335999986;300,13808088644;0
9,3639619000023;300,13808088644;0
9,3799950999673;300,13808088644;0
9,3963646999327;300,13808088644;0
9,413961699931;300,13808088644;0
9,4306050000014;300,13808088644;0
9,4472663999768;300,13808088644;0
9,4639296999667;300,13808088644;0
9,4800229999237;300,13808088644;0
9,4962960999692;300,13808088644;0
9,5129134999588;300,13808088644;0
9,5298408999806;300,13808088644;0
9,547018299927;300,13808088644;0
9,5639704000205;300,13808088644;0
9,5799447000027;300,13808088644;0
9,5971904000035;300,13808088644;0
9,6128728999756;300,13808088644;0
9,6299929999514;300,13808088644;0
9,6472014000174;300,13808088644;0
9,6638634999981;300,13808088644;0
9,6799989999272;300,13808088644;0
9,6962400999619;300,13808088644;0
9,7138425000012;300,13808088644;0
9,7305031999713;300,13808088644;0
9,7470690000337;300,13808088644;0
9,7638251000317;300,13808088644;0
9,7799930999754;300,13808088644;0
9,7961718000006;300,13808088644;0
9,8138130999869;300,13808088644;0
9,8304689000361;300,13808088644;0
9,8471320000244;300,13808088644;0
9,8637931999983;300,13808088644;0
9,8799139999319;300,13808088644;0
9,8969727000222;300,13808088644;0
9,9129695999436;300,13808088644;0
9,9298464999301;300,13808088644;0
9,9468881000066;300,13808088644;0
9,9637562999269;300,13808088644;0
9,9799902000232;300,13808088644;0
9,9970873999409;300,13808088644;0
10,013742099982;300,13808088644;0
10,029412499978;300,13808088644;0
10,046999600017;300,13808088644;0
10,062860499951;300,13808088644;0
10,079993000021;300,13808088644;0
10,096575299976;300,13808088644;0
10,113710999954;300,13808088644;0
10,13042619999;300,13808088644;0
10,147027499974;300,13808088644;0
10,162698699976;300,13808088644;0
10,179995500017;300,13808088644;0
10,195997699979;300,13808088644;0
10,212664299994;300,13808088644;0
10,229905599961;300,13808088644;0
10,246993999928;300,13808088644;0
10,263654500013;300,13808088644;0
10,279746599961;300,13808088644;0
10,2969667;300,13808088644;0
10,313639399945;300,13808088644;0
10,329887700034;300,13808088644;0
10,346663099946;300,13808088644;0
10,363756799954;300,13808088644;0
10,379993899958;300,13808088644;0
10,395949700032;300,13808088644;0
10,413610099931;300,13808088644;0
10,430261699948;300,13808088644;0
10,446934200008;300,13808088644;0
10,462918599951;300,13808088644;0
10,478937699925;300,13808088644;0
10,49590999994;300,13808088644;0
10,511917699943;300,13808088644;0
10,528922699974;300,13808088644;0
10,545921199955;300,13808088644;0
10,561921300017;300,13808088644;0
10,578932799981;300,13808088644;0
10,595946099958;300,13808088644;0
10,611931100022;300,13808088644;0
10,628922499949;300,13808088644;0
10,64592879999;300,13808088644;0
10,661960899946;300,13808088644;0
10,678958699922;300,13808088644;0
10,69695449993;300,13808088644;0
10,712486200035;300,13808088644;0
10,728814800037;300,13808088644;0
10,745835299953;300,13808088644;0
10,762490900001;300,13808088644;0
10,779993099975;300,13808088644;0
10,796822899953;300,13808088644;0
10,813471399946;300,13808088644;0
10,829991300008;300,13808088644;0
10,846803999972;300,13808088644;0
10,863452899968;300,13808088644;0
10,879592899932;300,13808088644;0
10,896867600037;300,13808088644;0
10,913434899994;300,13808088644;0
10,930003499961;300,13808088644;0
10,946766800014;300,13808088644;0
10,96342429996;300,13808088644;0
10,979839799926;300,13808088644;0
10,995925499941;300,13808088644;0
11,013425500016;300,13808088644;0
11,029991999967;300,13808088644;0
11,046756200027;300,13808088644;0
11,062830099952;300,13808088644;0
11,07996360003;300,13808088644;0
11,095966399997;300,13808088644;0
11,113364199991;300,13808088644;0
11,129933299962;300,13808088644;0
11,145726499963;300,13808088644;0
11,163350599934;300,13808088644;0
11,1794735;300,13808088644;0
11,196018100018;300,13808088644;0
11,213334399974;300,13808088644;0
11,229385299957;300,13808088644;0
11,246670200024;300,13808088644;0
11,263317300007;300,13808088644;0
11,279980499996;300,13808088644;0
11,296643699985;300,13808088644;0
11,313299999922;300,13808088644;0
11,329440700007;300,13808088644;0
11,346046000021;300,13808088644;0
11,363285599975;300,13808088644;0
11,379948499962;300,13808088644;0
11,396631599986;300,13808088644;0
11,412836299976;300,13808088644;0
11,428925100015;300,13808088644;0
11,445588700008;300,13808088644;0
11,462253900012;300,13808088644;0
11,479903199943;300,13808088644;0
11,496014000033;300,13808088644;0
11,513228000025;300,13808088644;0
11,529743399937;300,13808088644;0
11,546564899967;300,13808088644;0
11,562749899924;300,13808088644;0
11,579953699955;300,13808088644;0
11,596546299988;300,13808088644;0
11,612200299976;300,13808088644;0
11,62984910002;300,13808088644;0
11,645509999944;300,13808088644;0
11,662177699967;300,13808088644;0
11,678874499979;300,13808088644;0
11,696517899982;300,13808088644;0
11,7130015;300,13808088644;0
11,729192600003;300,13808088644;0
11,746494199964;300,13808088644;0
11,763151600026;300,13808088644;0
11,779815400019;300,13808088644;0
11,796489999979;300,13808088644;0
11,812865899992;300,13808088644;0
11,829980399925;300,13808088644;0
11,846002100036;300,13808088644;0
11,863060000003;300,13808088644;0
11,879935399978;300,13808088644;0
11,896005899995;300,13808088644;0
11,913041200023;300,13808088644;0
11,929757699952;300,13808088644;0
11,945948899956;300,13808088644;0
11,963081600028;300,13808088644;0
11,97959230002;300,13808088644;0
11,995646600029;300,13808088644;0
12,013069699984;300,13808088644;0
12,029731399962;300,13808088644;0
12,046389600029;300,13808088644;0
12,063048499986;300,13808088644;0
12,079709699959;300,13808088644;0
12,096405499964;300,13808088644;0
12,112484999932;300,13808088644;0
12,129901899956;300,13808088644;0
12,146369999973;300,13808088644;0
12,163015699945;300,13808088644;0
12,179680399946;300,13808088644;0
12,196341500035;300,13808088644;0
12,212867500028;300,13808088644;0
12,229005699977;300,13808088644;0
12,2460097;300,13808088644;0
12,263048999943;300,13808088644;0
12,27985609998;300,13808088644;0
12,295880499994;300,13808088644;0
12,312993800035;300,13808088644;0
12,329049599939;300,13808088644;0
12,3460586;300,13808088644;0
12,362191700027;300,13808088644;0
12,379072399926;300,13808088644;0
12,396336899954;300,13808088644;0
12,412934000022;300,13808088644;0
12,429597800015;300,13808088644;0
12,446258199983;300,13808088644;0
12,462901299936;300,13808088644;0
12,478570299922;300,13808088644;0
12,495915899985;300,13808088644;0
12,511917199939;300,13808088644;0
12,529030999984;300,13808088644;0
12,546234500012;300,13808088644;0
12,562878499972;300,13808088644;0
12,579547800007;300,13808088644;0
12,595221200027;300,13808088644;0
12,612854699953;300,13808088644;0
12,629520499962;300,13808088644;0
12,646187599981;300,13808088644;0
12,662239699974;300,13808088644;0
12,678480900009;300,13808088644;0
12,695980099961;300,13808088644;0
12,711978200008;300,13808088644;0
12,728858300019;300,13808088644;0
12,746156199952;300,13808088644;0
12,761966599966;300,13808088644;0
12,779478000011;300,13808088644;0
12,795148500009;300,13808088644;0
12,81279789994;300,13808088644;0
12,82946519996;300,13808088644;0
12,845132299932;300,13808088644;0
12,862778599956;300,13808088644;0
12,879440999939;300,13808088644;0
12,895110099926;300,13808088644;0
12,912763400003;300,13808088644;0
12,929425299983;300,13808088644;0
12,9460769;300,13808088644;0
12,96275810001;300,13808088644;0
12,978850799962;300,13808088644;0
12,996091499925;300,13808088644;0
13,012171500013;300,13808088644;0
13,028894899995;300,13808088644;0
13,046050900011;300,13808088644;0
13,062711799983;300,13808088644;0
13,079372599954;300,13808088644;0
13,095965899993;300,13808088644;0
13,111964499927;300,13808088644;0
13,128844199935;300,13808088644;0
13,146027299925;300,13808088644;0
13,162165999995;300,13808088644;0
13,178883699933;300,13808088644;0
13,195993799949;300,13808088644;0
13,212112699985;300,13808088644;0
13,228845100035;300,13808088644;0
13,245997800026;300,13808088644;0
13,262644700008;300,13808088644;0
13,279306399985;300,13808088644;0
13,294970499934;300,13808088644;0
13,312628099928;300,13808088644;0
13,329288400011;300,13808088644;0
13,345952600008;300,13808088644;0
13,362610599957;300,13808088644;0
13,379270200036;300,13808088644;0
13,394915999961;300,13808088644;0
13,411572000012;300,13808088644;0
13,429277100018;300,13808088644;0
13,44594679994;300,13808088644;0
13,461990299984;300,13808088644;0
13,478834699956;300,13808088644;0
13,496040099999;300,13808088644;0
13,511945100036;300,13808088644;0
13,528818999999;300,13808088644;0
13,545013500028;300,13808088644;0
13,562019299949;300,13808088644;0
13,579068499967;300,13808088644;0
13,595894700033;300,13808088644;0
13,612525100005;300,13808088644;0
13,629195399932;300,13808088644;0
13,645839300007;300,13808088644;0
13,662521300022;300,13808088644;0
13,678502499941;300,13808088644;0
13,694817099953;300,13808088644;0
13,711488000001;300,13808088644;0
13,728154100012;300,13808088644;0
13,74581490003;300,13808088644;0
13,762472799979;300,13808088644;0
13,779134799959;300,13808088644;0
13,795795699931;300,13808088644;0
13,81245550001;300,13808088644;0
13,829122300027;300,13808088644;0
13,845783299999;300,09641355302;0
13,861884500016;300,11029299903;0,83304999861866
13,87884479994;300,13666853578;1,638109999476
13,895915300003;300,17883396135;2,4861249956302
13,911932499963;300,23584345687;3,3396499988157
13,928480500006;300,30216283342;4,140509996796
13,944865999976;300,3843718083;4,9679099989589
13,961939499946;300,4791977279;5,7871849974617
13,979023399996;300,59258045084;6,6408599959686
13,995052999933;300,7206252213;7,4950549984351
14,011367999949;300,85361535815;8,2965349953156
14,028063899954;301,002282288;9,1122849960811
14,045700000017;301,16835774096;9,9470799963456
14,061379199964;301,35933704038;10,828884999501
14,079038799973;301,54141715904;11,612844996853
14,09569430002;301,76208843028;12,495824997313
14,112358300015;301,9840829282;13,328599999659
14,129025700036;302,22007516332;14,16179999942
14,145678599947;302,4700056601;14,995170000475
14,16180240002;302,73358467904;15,82781499601
14,178839899949;303,00178805006;16,634004999651
14,194974199985;303,29970372925;17,485879996093
14,212323399959;303,59484194539;18,292594997911
14,228982500033;303,92725357104;19,16005499661
14,245593099971;304,26031912542;19,993010000326
14,262309500016;304,60621061761;20,823539997218
14,27896060003;304,96827714408;21,659359999467
14,294634299935;305,34279227024;22,491915000137
14,311784900026;305,70760703968;23,275599995395
14,32884229999;306,12150470126;24,133129999973
14,345612799982;306,54770089673;24,985999998171
14,361770599964;306,98079109298;25,824524997734
14,378939399961;307,41111232755;26,632414996857
14,394608499948;307,88309731874;27,490854996722
14,412259100005;308,32613030912;28,27430999605
14,428936699987;308,84076603087;29,156839998905
14,445594599936;309,34093926218;29,990719998023
14,462242699927;309,85439595684;30,823614995461
14,478879899951;310,38140854301;31,656019994989
14,494921799982;310,92191590087;32,487879996188
14,511972200009;311,45595035182;33,289974997751
14,528844199958;312,03809354948;34,142494999105
14,544912199955;312,62837894249;34,986094996566
14,562207899988;313,20344454799;35,789494996425
14,57887540001;313,83740597973;36,654279998038
14,595528300037;314,46223147025;37,487654999131
14,612189700012;315,10037559517;38,320300000487
14,628842899925;315,75272555311;39,153369999258
14,644999100012;316,41862090434;39,986029994907
14,662176599959;317,07769434567;40,793839999242
14,678944599931;317,79318385533;41,652714996599
14,694495099946;318,50567487039;42,49111499521
14,711496699951;319,17852385728;43,268639995949
14,727814199985;319,92861268738;44,118719996186
14,744964699959;320,6618329428;44,934594997903
14,760987399961;321,44719069563;45,792119996622
14,778391600004;322,19374044253;46,593254996696
14,794982700027;323,01980408213;47,463464998873
14,812124699936;323,82103840733;48,293019999983
14,828037900035;324,66356975985;49,150119995466
14,845447200001;325,4583669511;49,945780000417
14,862101000035;326,34304220342;50,816244998714
14,878851999994;327,20319323889;51,648935000412
14,895427300013;328,08239434695;52,486484998371
14,911515699932;328,96611061124;53,315249999287
14,928572500008;329,83680950565;54,119669995271
14,945111799985;330,77446461837;54,972509999061
14,962160299998;331,69734887392;55,799474997912
14,978213499999;332,66317879176;56,651899998542
14,994868999929;333,58550833438;57,454559998587
15,012057299959;334,55631303834;58,287334995111
15,027853899985;335,57294512304;59,14674999658
15,045398899936;336,5197393042;59,936579997884
15,061991699971;337,58671794852;60,813829995459
15,078056099941;338,60955571965;61,643469997216
15,095365899964;339,61272432453;62,446689995704
15,111936999951;340,70864549931;63,312179996865
15,128846299951;341,77152803213;64,140734996181
15,144962699967;342,87039918375;64,986199996201
15,161966899992;343,93072969592;65,792019997025
15,177853000001;345,06392750489;66,642229998251
15,194897799985;346,13523104414;67,436534998706
15,211901900009;347,29919955516;68,288774997927
15,227837199927;348,47484568661;69,138979999116
15,244307199959;349,5892927581;69,935744995018
15,260998999933;350,75469752542;70,759244996589
15,277847399935;351,94972749853;71,593834995292
15,295292499941;353,17016249737;72,436254995409
15,311412499985;354,44903678551;73,308509995695
15,328459399985;355,64376268993;74,114509997889
15,344888099935;356,92171517043;74,966854997911
15,361973499996;358,16681824647;75,788289995398
15,378030600026;359,47628704572;76,642559998436
15,395258300006;360,71983582128;77,445414999966
15,411293699988;362,06888187807;78,306799998973
15,427841000026;363,33741943998;79,108569998061
15,444247200037;364,66014334023;79,935934999958
15,461923599942;365,98504644787;80,756245000521
15,4791616;367,42814888495;81,640064995736
15,494917199947;368,85031776243;82,501964998664
15,510894899955;370,16259766425;83,289744996
15,527847699937;371,50614056842;84,088629996404
15,545204999973;372,94604816491;84,936269995524
15,561867099954;374,43537628035;85,804134997306
15,577847299981;375,87893463523;86,637239996344
15,594939299976;377,27618339981;87,4362499977
15,611004399951;378,78525060749;88,290849997429
15,628541299957;380,21655631145;89,094104996184
15,644886199967;381,794367865;89,970949996496
15,662068499951;383,27829183433;90,788194997003
15,678243099945;384,85300340738;91,647309996188
15,695251099998;386,34844287134;92,456039995886
15,712194000022;387,93539880783;93,30643999856
15,72825159994;389,53063358532;94,153584999731
15,745351299993;391,05540650985;94,95646499563
15,761253600009;392,69375356649;95,811449998291
15,778136999928;394,23002014662;96,606564999092
15,794534799992;395,875319878;97,450734995073
15,81217239995;397,48674193886;98,270624998258
15,828227499966;399,23555415682;99,152504996164
15,844943400007;400,84034585314;99,955259996932
15,861826999928;402,52515905354;100,79105499899
15,878757199971;404,24112769909;101,63523499505
15,895036199945;405,97616414266;102,4817449972
15,911737799994;407,65771475882;103,2956949959
15,927783099934;409,3968653156;104,13077499834
15,944859599927;411,08054741602;104,93303999538
15,960911500035;412,88701681536;105,78686499503
15,97824289999;414,59798017979;106,5894600004
15,995432700031;416,46034361325;107,45602999814
16,012143800035;418,32226574337;108,31552000018
16,028231899953;420,14630027331;109,15107500041
16,045433499967;421,91527502196;109,95547999628
16,062088600011;423,82147996038;110,81555999699
16,078229499981;425,68099381642;111,64831499918
16,095022600028;427,49612453325;112,45535999769
16,110997800017;429,39869905497;113,29501500004
16,128067599959;431,22136992809;114,09377499949
16,144999300013;433,18349674546;114,94726499659
16,161022600019;435,14408348181;115,79384999932
16,178042599931;437,01232038636;116,59501499962
16,194942599977;439,01125155124;117,44601499522
16,211652799975;441,01036971014;118,29101499752
16,227842699969;443,00099776789;119,12652499741
16,245007499936;444,94274993733;119,93601999711
16,261666700011;447,01615924729;120,79425999545
16,277847499936;449,04237143983;121,62721999921
16,294957599952;451,02348806636;122,43625999545
16,311647600029;453,13302249659;123,29176499625
16,327701000031;455,20468986897;124,12626500009
16,344854100025;457,21022403441;124,92893500021
16,360890900018;459,3678539906;125,78658999992
16,377947999979;461,39792732386;126,58842999954
16,394548699958;463,57170606131;127,44128499762
16,410885600024;465,70109976047;128,27131999657
16,42798389995;467,81000021173;129,08816499985
16,443914499949;470,03180596683;129,94307999616
16,460577899939;472,11456639766;130,73960999609
16,477887599962;474,30701625861;131,57277999562
16,494883599924;476,5994828972;132,43826499674
16,510553400032;478,8648468448;133,28806499485
16,527886299998;480,96572131186;134,07155500026
16,544871599996;483,30459163407;134,93819999858
16,56153289997;485,6109824629;135,78746499843
16,57785589993;487,88725809588;136,62052999716
16,593862099922;490,13063701792;137,43667999515
16,611054799985;492,3432859261;138,23698999477
16,628071499988;494,73473247945;139,09662499791
16,643884400022;497,11617642246;139,94745999807
16,661503499956;499,34165400777;140,73810499976
16,678000899963;501,83685437835;141,61905999645
16,69485989993;504,18680887011;142,44392999681
16,711482199957;506,60248237517;143,28687999514
16,727836499922;508,99805492728;144,11799499649
16,743960899999;511,36837700422;144,93570999475
16,76149569999;513,71837819157;145,74192999862
16,777521300013;516,28930724482;146,61866999813
16,793768999982;518,65180039901;147,41994999931
16,810444399947;521,06023490368;148,23233499774
16,827841699938;523,54597182581;149,06610499602
16,844976500026;526,15445287526;149,93596999557
16,860990999965;528,73825581578;150
16,877979899989;531,1019611754;147,59782500914
16,894750099978;533,5661924597;145,04949000548
16,911361899925;535,95651547424;142,53396000713
16,927453199984;538,2828683189;140,04219001508
16,94474029995;540,49748972861;137,62849500636
16,96140010003;542,83186070627;135,03543001134
16,977845999994;545,03989163312;132,53645999939
16,994715000037;547,17900285205;130,06957500475
17,01137339999;549,33046204401;127,53922499833
17,027889000019;551,41343612032;125,04046500544
17,044701799983;553,43763967119;122,56312500103
17,061392899952;555,45586843841;120,04120500642
17,077500500018;557,41769926882;117,53754001111
17,094695099979;559,27202873906;115,12140000123
17,11134069995;561,20714701885;112,54221000709
17,127822399954;563,03891822678;110,04537001136
17,14526359993;564,81190603689;107,57311501075
17,161406800034;566,64248092935;104,95693501434
17,178076199954;568,29773129716;102,53545499872
17,194275100017;569,96525546845;100,03504501074
17,211815899936;571,54635251085;97,605210001348
17,227972900029;573,21227402131;94,97409001342
17,244745999924;574,70761310467;92,550539999502
17,260931600002;576,21777202538;90,034575015306
17,278217199957;577,63573960226;87,606735003646
17,295013800031;579,10525578206;85,013895010343
17,311663400033;580,49088131114;82,494404999306
17,32823939994;581,82279877974;79,996964999009
17,34462019999;583,10761389821;77,510565012926
17,361682799994;584,33704937395;75,053445005324
17,377764799981;585,57398643714;72,49405500479
17,3951351;586,70104122027;70,081755006686
17,411631199997;587,87312323213;67,476210003952
17,427743599983;588,94539934253;65,001795004355
17,44496350002;589,95379284845;62,584935006453
17,461718100007;590,9870204295;60,001950000878
17,478396399994;591,95022160707;57,488760002889
17,494361200021;592,86731153875;54,987015004735
17,510447999928;593,70693701136;52,592295000795
17,544234100031;594,51416096802;50,179275014671
17,561319399974;596,03829789272;45,111359999282
17,577375699999;596,76525288805;42,548565007746
17,594285200001;597,40975469786;40,140120004071
17,611209800001;598,04561437859;37,603695003781
17,628354899934;598,6390755623;35,065005003707
17,644245899981;599,19617540949;32,493240013719
17,661356700002;599,67464690568;30,109590006759
17,677268499974;600,14592915741;27,54297000356
17,694874099921;600,14592915741;25,156200007768
17,711522300029;600,14592915741;22,515360015677
17,728211399983;600,14592915741;20,018129999517
17,744839599938;600,14592915741;17,51476500649
17,761920999968;600,14592915741;15,020535013173
17,777486999985;600,14592915741;12,458325008629
17,793242599932;600,14592915741;10,123425006168
17,810288699926;600,14592915741;7,7600850141607
17,827759800013;600,14592915741;5,203170015011
17,844413899933;600,14592915741;2,5825050019193
17,860500499955;600,14592915741;0,084390013944358
17,877780999988;600,14592915741;0
17,893448599963;600,14592915741;0
17,911077099969;600,14592915741;0
17,926763299969;600,14592915741;0
17,944360799971;600,14592915741;0
17,960997199989;600,14592915741;0
17,977014399949;600,14592915741;0
17,994064199971;600,14592915741;0
18,011218399974;600,14592915741;0
18,028289799928;600,14592915741;0
18,044236599933;600,14592915741;0
18,061387200025;600,14592915741;0
18,078108199988;600,14592915741;0
18,094258100027;600,14592915741;0
18,110716999974;600,14592915741;0
18,127608399955;600,14592915741;0
18,144297100022;600,14592915741;0
18,161305399961;600,14592915741;0
18,178138399962;600,14592915741;0
18,194605399971;600,14592915741;0
18,210978699964;600,14592915741;0
18,226653199992;600,14592915741;0
18,244297099998;600,14592915741;0
18,260969499941;600,14592915741;0
18,277622999973;600,14592915741;0
18,29427990003;600,14592915741;0
18,311320499983;600,14592915741;0
18,327987099998;600,14592915741;0
18,344335500035;600,14592915741;0
18,361332300003;600,14592915741;0
18,377967400011;600,14592915741;0
18,394220100017;600,14592915741;0
18,410890599946;600,14592915741;0
18,427892299951;600,14592915741;0
18,443854999961;600,14592915741;0
18,461307700025;600,14592915741;0
18,477587100002;600,14592915741;0
18,494211599929;600,14592915741;0
18,510575099965;600,14592915741;0
18,527540199924;600,14592915741;0
18,544197799987;600,14592915741;0
18,560900999932;600,14592915741;0
18,577546000015;600,14592915741;0
18,594176299986;600,14592915741;0
18,609994499944;600,14592915741;0
18,627934399992;600,14592915741;0
18,643491999945;600,14592915741;0
18,660823200014;600,14592915741;0
18,677028900012;600,14592915741;0
